"Fund Name","P1","P2","P3","P4","P5","Topsis Score","Rank"
"M1","0.75","0.56","5.4","52.5","14.8","0.4528491820418719","4"
"M2","0.7","0.49","5.9","67.8","18.72","0.2637886877113098","8"
"M3","0.9","0.81","3.8","32.5","9.5","0.7645678218825526","1"
"M4","0.64","0.41","6.8","56.1","15.99","0.30072340042306656","7"
"M5","0.64","0.41","5.5","43.4","12.49","0.4848653572128323","2"
"M6","0.89","0.79","7.0","53.3","15.5","0.4787667214722047","3"
"M7","0.6","0.36","4.5","56.9","15.59","0.4032963568891658","5"
"M8","0.83","0.69","5.6","66.7","18.46","0.3868949898827788","6"
